title,original_title,info_text,year,tail,rating,num_ratings,quote,cn_title,en_title
肖申克的救赎 / /The Shawshank Redemption,刺激1995(台),导演: 弗兰克·德拉邦特 Frank Darabont 主演: 蒂姆·罗宾斯 Tim Robbins /... 1994 / 美国 / 犯罪 剧情,1994,美国 / 犯罪 剧情,9.7,3247148,希望让人自由。,肖申克的救赎,The Shawshank Redemption
霸王别姬,Farewell My Concubine,导演: 陈凯歌 Kaige Chen 主演: 张国荣 Leslie Cheung / 张丰毅 Fengyi Zha... 1993 / 中国大陆 中国香港 / 剧情 爱情 同性,1993,中国大陆 中国香港 / 剧情 爱情 同性,9.6,2396366,风华绝代。,霸王别姬,
泰坦尼克号 / /Titanic,台),导演: 詹姆斯·卡梅隆 James Cameron 主演: 莱昂纳多·迪卡普里奥 Leonardo... 1997 / 美国 墨西哥 / 剧情 爱情 灾难,1997,美国 墨西哥 / 剧情 爱情 灾难,9.5,2467936,失去的才是永恒的。,泰坦尼克号,Titanic
阿甘正传 / /Forrest Gump,,导演: 罗伯特·泽米吉斯 Robert Zemeckis 主演: 汤姆·汉克斯 Tom Hanks / ... 1994 / 美国 / 剧情 爱情,1994,美国 / 剧情 爱情,9.5,2405240,一部美国近现代史。,阿甘正传,Forrest Gump
千与千寻 / /千と千尋の神隠し,千与千寻的神隐,导演: 宫崎骏 Hayao Miyazaki 主演: 柊瑠美 Rumi Hîragi / 入野自由 Miy... 2001 / 日本 / 剧情 动画 奇幻,2001,日本 / 剧情 动画 奇幻,9.4,2507483,最好的宫崎骏，最好的久石让。,千与千寻,千と千尋の神隠し
美丽人生 / /La vita è bella,Life Is Beautiful,导演: 罗伯托·贝尼尼 Roberto Benigni 主演: 罗伯托·贝尼尼 Roberto Beni... 1997 / 意大利 / 剧情 喜剧 爱情 战争,1997,意大利 / 剧情 喜剧 爱情 战争,9.5,1466508,最美的谎言。,美丽人生,La vita è bella
星际穿越 / /Interstellar,星际效应(台),导演: 克里斯托弗·诺兰 Christopher Nolan 主演: 马修·麦康纳 Matthew Mc... 2014 / 美国 英国 加拿大 / 剧情 科幻 冒险,2014,美国 英国 加拿大 / 剧情 科幻 冒险,9.4,2148416,爱是一种力量，让我们超越时空感知它的存在。,星际穿越,Interstellar
这个杀手不太冷 / /Léon,杀手莱昂,导演: 吕克·贝松 Luc Besson 主演: 让·雷诺 Jean Reno / 娜塔莉·波特曼 ... 1994 / 法国 美国 / 剧情 动作 犯罪,1994,法国 美国 / 剧情 动作 犯罪,9.4,2529174,怪蜀黍和小萝莉不得不说的故事。,这个杀手不太冷,Léon
盗梦空间 / /Inception,全面启动(台),导演: 克里斯托弗·诺兰 Christopher Nolan 主演: 莱昂纳多·迪卡普里奥 Le... 2010 / 美国 英国 / 剧情 科幻 悬疑 冒险,2010,美国 英国 / 剧情 科幻 悬疑 冒险,9.4,2299939,诺兰给了我们一场无法盗取的梦。,盗梦空间,Inception
楚门的世界 / /The Truman Show,真人戏,导演: 彼得·威尔 Peter Weir 主演: 金·凯瑞 Jim Carrey / 劳拉·琳妮 Lau... 1998 / 美国 / 剧情 科幻,1998,美国 / 剧情 科幻,9.4,1989984,如果再也不能见到你，祝你早安，午安，晚安。,楚门的世界,The Truman Show
辛德勒的名单 / /Schindler's List,辛德勒名单,导演: 史蒂文·斯皮尔伯格 Steven Spielberg 主演: 连姆·尼森 Liam Neeson... 1993 / 美国 / 剧情 历史 战争,1993,美国 / 剧情 历史 战争,9.5,1235333,拯救一个人，就是拯救整个世界。,辛德勒的名单,Schindler's List
忠犬八公的故事 / /Hachi: A Dog's Tale,忠犬小八(台),导演: 莱塞·霍尔斯道姆 Lasse Hallström 主演: 理查·基尔 Richard Ger... 2009 / 美国 英国 / 剧情,2009,美国 英国 / 剧情,9.4,1528746,永远都不能忘记你所爱的人。,忠犬八公的故事,Hachi: A Dog's Tale
海上钢琴师 / /La leggenda del pianista sull'oceano,一九零零的传奇,导演: 朱塞佩·托纳多雷 Giuseppe Tornatore 主演: 蒂姆·罗斯 Tim Roth / ... 1998 / 意大利 / 剧情 音乐,1998,意大利 / 剧情 音乐,9.3,1860844,每个人都要走一条自己坚定了的路，就算是粉身碎骨。,海上钢琴师,La leggenda del pianista sull'oceano
疯狂动物城 / /Zootopia,动物方城市(台),导演: 拜伦·霍华德 Byron Howard / 瑞奇·摩尔 Rich Moore 主演: 金妮弗·... 2016 / 美国 / 喜剧 动画 冒险,2016,美国 / 喜剧 动画 冒险,9.3,2282283,迪士尼给我们营造的乌托邦就是这样，永远善良勇敢，永远出乎意料。,疯狂动物城,Zootopia
三傻大闹宝莱坞 / /3 Idiots,作死不离3兄弟(港),导演: 拉库马·希拉尼 Rajkumar Hirani 主演: 阿米尔·汗 Aamir Khan / 卡... 2009 / 印度 / 剧情 喜剧 爱情 歌舞,2009,印度 / 剧情 喜剧 爱情 歌舞,9.2,2056848,英俊版憨豆，高情商版谢耳朵。,三傻大闹宝莱坞,3 Idiots
机器人总动员 / /WALL·E,瓦力(台),导演: 安德鲁·斯坦顿 Andrew Stanton 主演: 本·贝尔特 Ben Burtt / 艾丽... 2008 / 美国 / 科幻 动画 冒险,2008,美国 / 科幻 动画 冒险,9.3,1473083,小瓦力，大人生。,机器人总动员,WALL·E
放牛班的春天 / /Les choristes,唱诗班男孩,导演: 克里斯托夫·巴拉蒂 Christophe Barratier 主演: 让-巴蒂斯特·莫尼... 2004 / 法国 瑞士 德国 / 剧情 音乐,2004,法国 瑞士 德国 / 剧情 音乐,9.3,1457882,天籁一般的童声，是最接近上帝的存在。,放牛班的春天,Les choristes
无间道 / /無間道,Mou gaan dou,导演: 刘伟强 / 麦兆辉 主演: 刘德华 Andy Lau / 梁朝伟 Tony Leung Chiu W... 2002 / 中国香港 / 剧情 犯罪 惊悚,2002,中国香港 / 剧情 犯罪 惊悚,9.3,1545713,香港电影史上永不过时的杰作。,无间道,無間道
控方证人 / /Witness for the Prosecution,情妇,导演: 比利·怀尔德 Billy Wilder 主演: 泰隆·鲍华 Tyrone Power / 玛琳·... 1957 / 美国 / 剧情 犯罪 悬疑 惊悚,1957,美国 / 剧情 犯罪 悬疑 惊悚,9.6,725686,比利·怀德满分作品。,控方证人,Witness for the Prosecution
大话西游之大圣娶亲 / /西遊記大結局之仙履奇緣,齐天大圣西游记,导演: 刘镇伟 Jeffrey Lau 主演: 周星驰 Stephen Chow / 吴孟达 Man Tat Ng... 1995 / 中国香港 中国大陆 / 喜剧 爱情 奇幻 古装,1995,中国香港 中国大陆 / 喜剧 爱情 奇幻 古装,9.2,1693239,一生所爱。,大话西游之大圣娶亲,西遊記大結局之仙履奇緣
熔炉 / /도가니,漩涡,导演: 黄东赫 Dong-hyuk Hwang 主演: 孔侑 Yoo Gong / 郑有美 Yu-mi Jung /... 2011 / 韩国 / 剧情,2011,韩国 / 剧情,9.3,1026824,我们一路奋战不是为了改变世界，而是为了不让世界改变我们。,熔炉,도가니
寻梦环游记 / /Coco,可可夜总会(台),导演: 李·昂克里奇 Lee Unkrich / 阿德里安·莫利纳 Adrian Molina 主演: ... 2017 / 美国 / 喜剧 动画 奇幻 音乐,2017,美国 / 喜剧 动画 奇幻 音乐,9.1,1957002,死亡不是真的逝去，遗忘才是永恒的消亡。,寻梦环游记,Coco
触不可及 / /Intouchables,逆转人生(台),导演: 奥利维·那卡什 Olivier Nakache / 艾力克·托兰达 Eric Toledano 主... 2011 / 法国 / 剧情 喜剧,2011,法国 / 剧情 喜剧,9.3,1279516,满满温情的高雅喜剧。,触不可及,Intouchables
教父 / /The Godfather,,导演: 弗朗西斯·福特·科波拉 Francis Ford Coppola 主演: 马龙·白兰度 M... 1972 / 美国 / 剧情 犯罪,1972,美国 / 剧情 犯罪,9.3,1093452,千万不要记恨你的对手，这样会让你失去理智。,教父,The Godfather
末代皇帝 / /The Last Emperor,L'ultimo imperatore,导演: 贝纳尔多·贝托鲁奇 Bernardo Bertolucci 主演: 尊龙 John Lone / 陈... 1987 / 英国 意大利 中国大陆 法国 / 剧情 传记 历史,1987,英国 意大利 中国大陆 法国 / 剧情 传记 历史,9.3,1016394,“不要跟我比惨，我比你更惨”再适合这部电影不过了。,末代皇帝,The Last Emperor
当幸福来敲门 / /The Pursuit of Happyness,追求快乐,导演: 加布里尔·穆奇诺 Gabriele Muccino 主演: 威尔·史密斯 Will Smith ... 2006 / 美国 / 剧情 传记 家庭,2006,美国 / 剧情 传记 家庭,9.1,1671560,平民励志片。,当幸福来敲门,The Pursuit of Happyness
哈利·波特与魔法石 / /Harry Potter and the Sorcerer's Stone,台),导演: Chris Columbus 主演: Daniel Radcliffe / Emma Watson / Rupert Grint 2001 / 美国 英国 / 奇幻 冒险,2001,美国 英国 / 奇幻 冒险,9.2,1402769,童话世界的开端。,哈利·波特与魔法石,Harry Potter and the Sorcerer's Stone
龙猫 / /となりのトトロ,邻家的豆豆龙,导演: 宫崎骏 Hayao Miyazaki 主演: 日高法子 Noriko Hidaka / 坂本千夏 Ch... 1988 / 日本 / 动画 奇幻 冒险,1988,日本 / 动画 奇幻 冒险,9.2,1397763,人人心中都有个龙猫，童年就永远不会消失。,龙猫,となりのトトロ
活着,Lifetimes,导演: 张艺谋 Yimou Zhang 主演: 葛优 You Ge / 巩俐 Li Gong / 姜武 Wu Jiang 1994 / 中国大陆 中国香港 / 剧情 历史 家庭,1994,中国大陆 中国香港 / 剧情 历史 家庭,9.3,959268,张艺谋最好的电影。,活着,
怦然心动 / /Flipped,青春萌动,导演: 罗伯·莱纳 Rob Reiner 主演: 玛德琳·卡罗尔 Madeline Carroll / 卡... 2010 / 美国 / 剧情 喜剧 爱情,2010,美国 / 剧情 喜剧 爱情,9.1,2031168,真正的幸福是来自内心深处。,怦然心动,Flipped
蝙蝠侠：黑暗骑士 / /The Dark Knight,黑暗骑士(台),导演: 克里斯托弗·诺兰 Christopher Nolan 主演: 克里斯蒂安·贝尔 Christ... 2008 / 美国 英国 / 剧情 动作 科幻 犯罪 惊悚,2008,美国 英国 / 剧情 动作 科幻 犯罪 惊悚,9.2,1181048,无尽的黑暗。,蝙蝠侠：黑暗骑士,The Dark Knight
指环王3：王者无敌 / /The Lord of the Rings: The Return of the King,港),导演: 彼得·杰克逊 Peter Jackson 主演: 伊利亚·伍德 Elijah Wood / 西恩... 2003 / 美国 新西兰 / 剧情 动作 奇幻 冒险,2003,美国 新西兰 / 剧情 动作 奇幻 冒险,9.3,900346,史诗的终章。,指环王3：王者无敌,The Lord of the Rings: The Return of the King
我不是药神,印度药神,导演: 文牧野 Muye Wen 主演: 徐峥 Zheng Xu / 王传君 Chuanjun Wang / 周... 2018 / 中国大陆 / 剧情 喜剧,2018,中国大陆 / 剧情 喜剧,9.0,2329592,对我们国家而言，这样的电影多一部是一部。,我不是药神,
乱世佳人 / /Gone with the Wind,,导演: 维克多·弗莱明 Victor Fleming / 乔治·库克 George Cukor 主演: 费... 1939 / 美国 / 剧情 历史 爱情 战争,1939,美国 / 剧情 历史 爱情 战争,9.3,784356,Tomorrow is another day.,乱世佳人,Gone with the Wind
飞屋环游记 / /Up,天外奇迹(台),导演: 彼特·道格特 Pete Docter / 鲍勃·彼德森 Bob Peterson 主演: 爱德... 2009 / 美国 / 剧情 喜剧 动画 冒险,2009,美国 / 剧情 喜剧 动画 冒险,9.1,1482955,最后那些最无聊的事情，才是最值得怀念的。,飞屋环游记,Up
让子弹飞,火烧云,导演: 姜文 Wen Jiang 主演: 姜文 Wen Jiang / 葛优 You Ge / 周润发 Yun-F... 2010 / 中国大陆 中国香港 / 剧情 喜剧 动作 西部,2010,中国大陆 中国香港 / 剧情 喜剧 动作 西部,9.0,1902126,你给我翻译翻译，神马叫做TMD的惊喜。,让子弹飞,
哈尔的移动城堡 / /ハウルの動く城,霍尔的移动城堡(台),导演: 宫崎骏 Hayao Miyazaki 主演: 倍赏千惠子 Chieko Baishô / 木村拓... 2004 / 日本 / 爱情 动画 奇幻 冒险,2004,日本 / 爱情 动画 奇幻 冒险,9.1,1273214,带着心爱的人在天空飞翔。,哈尔的移动城堡,ハウルの動く城
十二怒汉 / /12 Angry Men,十二怒汉,导演: 西德尼·吕美特 Sidney Lumet 主演: 亨利·方达 Henry Fonda / 马丁... 1957 / 美国 / 剧情,1957,美国 / 剧情,9.4,570705,1957年的理想主义。,十二怒汉,12 Angry Men
海蒂和爷爷 / /Heidi,海蒂,导演: 阿兰·葛斯彭纳 Alain Gsponer 主演: 阿努克·斯特芬 Anuk Steffen /... 2015 / 德国 瑞士 / 剧情 冒险 家庭,2015,德国 瑞士 / 剧情 冒险 家庭,9.3,765335,如果生活中有什么使你感到快乐，那就去做吧！不要管别人说什么。,海蒂和爷爷,Heidi
素媛 / /소원,希望：为爱重生(台),导演: 李濬益 Jun-ik Lee 主演: 薛景求 Kyung-gu Sol / 严志媛 Ji-won Uhm ... 2013 / 韩国 / 剧情,2013,韩国 / 剧情,9.3,768348,受过伤害的人总是笑得最开心，因为他们不愿意让身边的人承受一样的痛苦。,素媛,소원
猫鼠游戏 / /Catch Me If You Can,捉智双雄(港),导演: 史蒂文·斯皮尔伯格 Steven Spielberg 主演: 莱昂纳多·迪卡普里奥 L... 2002 / 美国 加拿大 / 传记 犯罪 剧情,2002,美国 加拿大 / 传记 犯罪 剧情,9.1,1194100,骗子大师和执著警探的你追我跑故事。,猫鼠游戏,Catch Me If You Can
天空之城 / /天空の城ラピュタ,空中城堡拉普他,导演: 宫崎骏 Hayao Miyazaki 主演: 田中真弓 Mayumi Tanaka / 横泽启子 Ke... 1986 / 日本 / 动画 奇幻 冒险,1986,日本 / 动画 奇幻 冒险,9.2,998792,对天空的追逐，永不停止。,天空之城,天空の城ラピュタ
鬼子来了,,导演: 姜文 Wen Jiang 主演: 姜文 Wen Jiang / 香川照之 Teruyuki Kagawa /... 2000 / 中国大陆 / 剧情 喜剧,2000,中国大陆 / 剧情 喜剧,9.3,707561,对敌人的仁慈，就是对自己残忍。,鬼子来了,
摔跤吧！爸爸 / /Dangal,打死不离3父女(港),导演: 涅提·蒂瓦里 Nitesh Tiwari 主演: 阿米尔·汗 Aamir Khan / 法缇玛... 2016 / 印度 / 剧情 传记 运动 家庭,2016,印度 / 剧情 传记 运动 家庭,9.0,1729013,你不是在为你一个人战斗，你要让千千万万的女性看到女生并不是只能相夫教子。,摔跤吧！爸爸,Dangal
少年派的奇幻漂流 / /Life of Pi,漂流少年Pi,导演: 李安 Ang Lee 主演: 苏拉·沙玛 Suraj Sharma / 伊尔凡·可汗 Irrfan... 2012 / 美国 中国台湾 英国 加拿大 / 剧情 奇幻 冒险,2012,美国 中国台湾 英国 加拿大 / 剧情 奇幻 冒险,9.1,1477388,瑰丽壮观、无人能及的冒险之旅。,少年派的奇幻漂流,Life of Pi
钢琴家 / /The Pianist,战地琴人(台),导演: 罗曼·波兰斯基 Roman Polanski 主演: 艾德里安·布洛迪 Adrien Brod... 2002 / 英国 法国 波兰 德国 美国 / 剧情 传记 战争 音乐,2002,英国 法国 波兰 德国 美国 / 剧情 传记 战争 音乐,9.3,741108,,钢琴家,The Pianist
指环王2：双塔奇兵 / /The Lord of the Rings: The Two Towers,指环王II：双塔,导演: 彼得·杰克逊 Peter Jackson 主演: 伊利亚·伍德 Elijah Wood / 西恩... 2002 / 美国 新西兰 / 剧情 动作 奇幻 冒险,2002,美国 新西兰 / 剧情 动作 奇幻 冒险,9.2,847639,承前启后的史诗篇章。,指环王2：双塔奇兵,The Lord of the Rings: The Two Towers
死亡诗社 / /Dead Poets Society,春风化雨(台),导演: 彼得·威尔 Peter Weir 主演: 罗宾·威廉姆斯 Robin Williams / 罗伯... 1989 / 美国 / 剧情,1989,美国 / 剧情,9.2,867325,当一个死水般的体制内出现一个活跃的变数时，所有的腐臭都站在了光明的对面。,死亡诗社,Dead Poets Society
大话西游之月光宝盒 / /西遊記第壹佰零壹回之月光寶盒,齐天大圣东游记,导演: 刘镇伟 Jeffrey Lau 主演: 周星驰 Stephen Chow / 吴孟达 Man Tat Ng... 1995 / 中国香港 中国大陆 / 喜剧 爱情 奇幻 古装,1995,中国香港 中国大陆 / 喜剧 爱情 奇幻 古装,9.0,1352089,,大话西游之月光宝盒,西遊記第壹佰零壹回之月光寶盒
何以为家 / /كفرناحوم,星仔打官司(港),导演: 娜丁·拉巴基 Nadine Labaki 主演: 扎因·拉费阿 Zain al-Rafeea / ... 2018 / 黎巴嫩 美国 法国 塞浦路斯 卡塔尔 英国 / 剧情,2018,黎巴嫩 美国 法国 塞浦路斯 卡塔尔 英国 / 剧情,9.1,1153350,凝视卑弱生命，用电影改变命运。,何以为家,كفرناحوم
绿皮书 / /Green Book,幸福绿皮书(台),导演: 彼得·法雷里 Peter Farrelly 主演: 维果·莫腾森 Viggo Mortensen /... 2018 / 美国 中国大陆 / 剧情 喜剧 传记 音乐,2018,美国 中国大陆 / 剧情 喜剧 传记 音乐,8.9,1871389,去除成见，需要勇气。,绿皮书,Green Book
闻香识女人 / /Scent of a Woman,女人的芳香,导演: 马丁·布莱斯 Martin Brest 主演: 阿尔·帕西诺 Al Pacino / 克里斯... 1992 / 美国 / 剧情,1992,美国 / 剧情,9.1,1011499,,闻香识女人,Scent of a Woman
大闹天宫,The Monkey King,导演: 万籁鸣 Laiming Wan 主演: 邱岳峰 Yuefeng Qiu / 富润生 Runsheng Fu... 1961(中国大陆) / 1964(中国大陆) / 1978(中国大陆) / 中国大陆 / 剧情 动画 奇幻 古装,1961,1964(中国大陆) / 1978(中国大陆) / 中国大陆 / 剧情 动画 奇幻 古装,9.4,503758,,大闹天宫,
黑客帝国 / /The Matrix,廿二世纪杀人网络(港),导演: 安迪·沃卓斯基 Andy Wachowski / 拉娜·沃卓斯基 Lana Wachowski 主... 1999 / 美国 / 动作 科幻,1999,美国 / 动作 科幻,9.1,939483,,黑客帝国,The Matrix
指环王1：护戒使者 / /The Lord of the Rings: The Fellowship of the Ring,指环王I：护戒使者,导演: 彼得·杰克逊 Peter Jackson 主演: 伊利亚·伍德 Elijah Wood / 西恩... 2001 / 新西兰 美国 / 剧情 动作 奇幻 冒险,2001,新西兰 美国 / 剧情 动作 奇幻 冒险,9.1,949468,,指环王1：护戒使者,The Lord of the Rings: The Fellowship of the Ring
罗马假日 / /Roman Holiday,罗马假期(台),导演: 威廉·惠勒 William Wyler 主演: 奥黛丽·赫本 Audrey Hepburn / 格... 1953 / 美国 / 喜剧 剧情 爱情,1953,美国 / 喜剧 剧情 爱情,9.1,1039528,,罗马假日,Roman Holiday
教父2 / /The Godfather: Part II,教父II,导演: 弗朗西斯·福特·科波拉 Francis Ford Coppola 主演: 阿尔·帕西诺 A... 1974 / 美国 / 剧情 犯罪,1974,美国 / 剧情 犯罪,9.3,631656,,教父2,The Godfather: Part II
狮子王 / /The Lion King,,导演: Roger Allers / 罗伯·明可夫 Rob Minkoff 主演: 乔纳森·泰勒·托马... 1994 / 美国 / 动画 冒险 歌舞,1994,美国 / 动画 冒险 歌舞,9.1,950866,,狮子王,The Lion King
天堂电影院 / /Nuovo Cinema Paradiso,新天堂乐园(台),导演: 朱塞佩·托纳多雷 Giuseppe Tornatore 主演: 菲利普·努瓦雷 Philipp... 1988 / 意大利 法国 / 剧情 爱情,1988,意大利 法国 / 剧情 爱情,9.2,734983,,天堂电影院,Nuovo Cinema Paradiso
饮食男女 / /飲食男女,,导演: 李安 Ang Lee 主演: 郎雄 Sihung Lung / 杨贵媚 Kuei-Mei Yang / 吴... 1994 / 中国台湾 美国 / 剧情 家庭,1994,中国台湾 美国 / 剧情 家庭,9.2,715507,,饮食男女,飲食男女
辩护人 / /변호인,正义辩护人(台),导演: 杨宇硕 Woo-seok Yang 主演: 宋康昊 Kang-ho Song / 金英爱 Yeong-ae... 2013 / 韩国 / 剧情,2013,韩国 / 剧情,9.2,652753,电影的现实意义大过电影本身。,辩护人,변호인
本杰明·巴顿奇事 / /The Curious Case of Benjamin Button,班杰明的奇幻旅程(台),导演: 大卫·芬奇 David Fincher 主演: 布拉德·皮特 Brad Pitt / 凯特·布... 2008 / 美国 / 剧情 爱情 奇幻,2008,美国 / 剧情 爱情 奇幻,9.0,1094733,在时间之河里感受溺水之苦。,本杰明·巴顿奇事,The Curious Case of Benjamin Button
搏击俱乐部 / /Fight Club,斗阵俱乐部(台),导演: 大卫·芬奇 David Fincher 主演: 爱德华·诺顿 Edward Norton / 布拉... 1999 / 美国 / 剧情 动作 悬疑 惊悚,1999,美国 / 剧情 动作 悬疑 惊悚,9.0,961905,,搏击俱乐部,Fight Club
美丽心灵 / /A Beautiful Mind,美丽境界(台),导演: 朗·霍华德 Ron Howard 主演: 罗素·克劳 Russell Crowe / 艾德·哈... 2001 / 美国 / 传记 剧情,2001,美国 / 传记 剧情,9.1,847049,,美丽心灵,A Beautiful Mind
穿条纹睡衣的男孩 / /The Boy in the Striped Pajamas,穿条纹衣的男孩,导演: 马克·赫尔曼 Mark Herman 主演: 阿萨·巴特菲尔德 Asa Butterfield ... 2008 / 英国 美国 / 剧情 战争,2008,英国 美国 / 剧情 战争,9.2,635645,尽管有些不切实际的幻想，这部电影依旧是一部感人肺腑的佳作。,穿条纹睡衣的男孩,The Boy in the Striped Pajamas
情书 / /Love Letter,Letters of Love,导演: 岩井俊二 Shunji Iwai 主演: 中山美穗 Miho Nakayama / 丰川悦司 Ets... 1995 / 日本 / 剧情 爱情,1995,日本 / 剧情 爱情,8.9,1310205,,情书,Love Letter
哈利·波特与死亡圣器(下) / /Harry Potter and the Deathly Hallows: Part 2,台),导演: 大卫·叶茨 David Yates 主演: 丹尼尔·雷德克里夫 Daniel Radcliffe... 2011 / 美国 英国 / 奇幻 冒险,2011,美国 英国 / 奇幻 冒险,9.0,960280,10年的完美句点。,哈利·波特与死亡圣器(下),Harry Potter and the Deathly Hallows: Part 2
"两杆大烟枪 / /Lock, Stock and Two Smoking Barrels",两根枪管(台),导演: 盖·里奇 Guy Ritchie 主演: 杰森·弗莱明 Jason Flemyng / 德克斯特... 1998 / 英国 / 剧情 喜剧 犯罪,1998,英国 / 剧情 喜剧 犯罪,9.1,669846,,两杆大烟枪,"Lock, Stock and Two Smoking Barrels"
窃听风暴 / /Das Leben der Anderen,他人的生活,导演: 弗洛里安·亨克尔·冯·多纳斯马尔克 Florian Henckel von Donnersmarck &n... 2006 / 德国 / 剧情 悬疑,2006,德国 / 剧情 悬疑,9.2,626653,别样人生。,窃听风暴,Das Leben der Anderen
音乐之声 / /The Sound of Music,真善美(台),导演: 罗伯特·怀斯 Robert Wise 主演: 朱莉·安德鲁斯 Julie Andrews / 克... 1965 / 美国 / 剧情 传记 爱情 歌舞,1965,美国 / 剧情 传记 爱情 歌舞,9.1,677458,,音乐之声,The Sound of Music
功夫,Kung Fu Hustle,导演: 周星驰 Stephen Chow 主演: 周星驰 Stephen Chow / 元秋 Qiu Yuen / ... 2004 / 中国大陆 中国香港 / 动作 喜剧 犯罪 奇幻,2004,中国大陆 中国香港 / 动作 喜剧 犯罪 奇幻,8.9,1319602,警恶惩奸，维护世界和平这个任务就交给你了，好吗？,功夫,
西西里的美丽传说 / /Malèna,玛莲娜,导演: 朱塞佩·托纳多雷 Giuseppe Tornatore 主演: 莫妮卡·贝鲁奇 Monica ... 2000 / 意大利 美国 / 剧情 战争 情色,2000,意大利 美国 / 剧情 战争 情色,8.9,1084609,,西西里的美丽传说,Malèna
哈利·波特与阿兹卡班的囚徒 / /Harry Potter and the Prisoner of Azkaban,台),导演: 阿方索·卡隆 Alfonso Cuarón 主演: 丹尼尔·雷德克里夫 Daniel Rad... 2004 / 英国 美国 / 奇幻 冒险,2004,英国 美国 / 奇幻 冒险,9.0,880136,不一样的导演，不一样的哈利·波特。,哈利·波特与阿兹卡班的囚徒,Harry Potter and the Prisoner of Azkaban
阿凡达 / /Avatar,,导演: 詹姆斯·卡梅隆 James Cameron 主演: 萨姆·沃辛顿 Sam Worthington ... 2009 / 美国 / 动作 科幻 冒险,2009,美国 / 动作 科幻 冒险,8.8,1570809,绝对意义上的美轮美奂。,阿凡达,Avatar
看不见的客人 / /Contratiempo,布局(台),导演: 奥里奥尔·保罗 Oriol Paulo 主演: 马里奥·卡萨斯 Mario Casas / 阿... 2016 / 西班牙 / 剧情 犯罪 悬疑 惊悚,2016,西班牙 / 剧情 犯罪 悬疑 惊悚,8.8,1426483,你以为你以为的就是你以为的。,看不见的客人,Contratiempo
拯救大兵瑞恩 / /Saving Private Ryan,抢救雷恩大兵(台),导演: 史蒂文·斯皮尔伯格 Steven Spielberg 主演: 汤姆·汉克斯 Tom Hanks... 1998 / 美国 / 剧情 战争,1998,美国 / 剧情 战争,9.1,718546,,拯救大兵瑞恩,Saving Private Ryan
沉默的羔羊 / /The Silence of the Lambs,,导演: 乔纳森·戴米 Jonathan Demme 主演: 朱迪·福斯特 Jodie Foster / 安... 1991 / 美国 / 剧情 犯罪 惊悚,1991,美国 / 剧情 犯罪 惊悚,8.9,1005978,,沉默的羔羊,The Silence of the Lambs
小鞋子 / /بچه های آسمان,小童鞋,导演: 马基德·马基迪 Majid Majidi 主演: 默罕默德·阿米尔·纳吉 Mohamma... 1997 / 伊朗 / 剧情 儿童 家庭,1997,伊朗 / 剧情 儿童 家庭,9.2,459165,,小鞋子,بچه های آسمان
布达佩斯大饭店 / /The Grand Budapest Hotel,欢迎来到布达佩斯大饭店(台),导演: 韦斯·安德森 Wes Anderson 主演: 拉尔夫·费因斯 Ralph Fiennes / ... 2014 / 美国 德国 英国 / 剧情 喜剧 冒险,2014,美国 德国 英国 / 剧情 喜剧 冒险,8.9,1073803,小清新的故事里注入了大历史的情怀。,布达佩斯大饭店,The Grand Budapest Hotel
飞越疯人院 / /One Flew Over the Cuckoo's Nest,飞越喜鹊巢,导演: 米洛斯·福尔曼 Miloš Forman 主演: 杰克·尼科尔森 Jack Nichols... 1975 / 美国 / 剧情,1975,美国 / 剧情,9.1,598761,,飞越疯人院,One Flew Over the Cuckoo's Nest
蝴蝶效应 / /The Butterfly Effect,,导演: 埃里克·布雷斯 Eric Bress / J·麦基·格鲁伯 J. Mackye Gruber 主... 2004 / 美国 加拿大 / 剧情 悬疑 科幻 惊悚,2004,美国 加拿大 / 剧情 悬疑 科幻 惊悚,8.9,1057436,人的命运被自己瞬间的抉择改变。,蝴蝶效应,The Butterfly Effect
禁闭岛 / /Shutter Island,隔离岛(台),导演: Martin Scorsese 主演: 莱昂纳多·迪卡普里奥 Leonardo DiCaprio / ... 2010 / 美国 / 剧情 悬疑 惊悚,2010,美国 / 剧情 悬疑 惊悚,8.9,1101983,昔日翩翩少年，今日大腹便便。,禁闭岛,Shutter Island
心灵捕手 / /Good Will Hunting,心灵捕手,导演: 格斯·范·桑特 Gus Van Sant 主演: 马特·达蒙 Matt Damon / 罗宾·... 1997 / 美国 / 剧情,1997,美国 / 剧情,9.0,807700,,心灵捕手,Good Will Hunting
致命魔术 / /The Prestige,顶尖对决(台),导演: 克里斯托弗·诺兰 Christopher Nolan 主演: 休·杰克曼 Hugh Jackman... 2006 / 英国 美国 / 剧情 悬疑 惊悚,2006,英国 美国 / 剧情 悬疑 惊悚,8.9,955911,孪生蝙蝠侠大战克隆金刚狼。,致命魔术,The Prestige
还有明天 / /C'è ancora domani,我们还有明天(台),导演: 宝拉·柯特莱西 Paola Cortellesi 主演: 宝拉·柯特莱西 Paola Corte... 2023 / 意大利 / 剧情 喜剧 历史,2023,意大利 / 剧情 喜剧 历史,9.3,349827,,还有明天,C'è ancora domani
低俗小说 / /Pulp Fiction,黑色追缉令(台),导演: 昆汀·塔伦蒂诺 Quentin Tarantino 主演: 约翰·特拉沃尔塔 John Tra... 1994 / 美国 / 剧情 喜剧 犯罪,1994,美国 / 剧情 喜剧 犯罪,8.9,949263,,低俗小说,Pulp Fiction
超脱 / /Detachment,,导演: 托尼·凯耶 Tony Kaye 主演: 艾德里安·布洛迪 Adrien Brody / 马西... 2011 / 美国 / 剧情,2011,美国 / 剧情,9.0,714872,穷尽一生，我们要学会的，不过是彼此拥抱。,超脱,Detachment
哈利·波特与密室 / /Harry Potter and the Chamber of Secrets,台),导演: Chris Columbus 主演: 丹尼尔·雷德克里夫 Daniel Radcliffe / 艾玛... 2002 / 英国 美国 / 奇幻 冒险,2002,英国 美国 / 奇幻 冒险,8.9,905939,,哈利·波特与密室,Harry Potter and the Chamber of Secrets
一一,Yi yi: A One and a Two,导演: 杨德昌 Edward Yang 主演: 吴念真 / 李凯莉 Kelly Lee / 金燕玲 Elai... 2000 / 中国台湾 日本 / 剧情 爱情 家庭,2000,中国台湾 日本 / 剧情 爱情 家庭,9.1,498890,,一一,
喜剧之王 / /喜劇之王,,导演: 周星驰 Stephen Chow / 李力持 Lik-Chi Lee 主演: 周星驰 Stephen Ch... 1999 / 中国香港 / 喜剧 剧情 爱情,1999,中国香港 / 喜剧 剧情 爱情,8.8,1084798,,喜剧之王,喜劇之王
摩登时代 / /Modern Times,Les Temps modernes,导演: 查理·卓别林 Charles Chaplin 主演: 查理·卓别林 Charles Chaplin ... 1936 / 美国 / 剧情 喜剧 爱情,1936,美国 / 剧情 喜剧 爱情,9.3,343060,,摩登时代,Modern Times
杀人回忆 / /살인의 추억,杀手回忆录,导演: 奉俊昊 Joon-ho Bong 主演: 宋康昊 Kang-ho Song / 金相庆 Sang-kyun... 2003 / 韩国 / 剧情 动作 犯罪 悬疑 惊悚,2003,韩国 / 剧情 动作 犯罪 悬疑 惊悚,8.9,827804,,杀人回忆,살인의 추억
致命ID / /Identity,致命身份,导演: 詹姆斯·曼高德 James Mangold 主演: 约翰·库萨克 John Cusack / 雷... 2003 / 美国 / 剧情 悬疑 惊悚,2003,美国 / 剧情 悬疑 惊悚,8.9,937649,,致命ID,Identity
春光乍泄 / /春光乍洩,Happy Together,导演: 王家卫 Kar Wai Wong 主演: 张国荣 Leslie Cheung / 梁朝伟 Tony Leu... 1997 / 中国香港 日本 韩国 / 剧情 爱情 同性,1997,中国香港 日本 韩国 / 剧情 爱情 同性,9.0,704514,,春光乍泄,春光乍洩
加勒比海盗 / /Pirates of the Caribbean: The Curse of the Black Pearl,神鬼奇航：鬼盗船魔咒(台),导演: 戈尔·维宾斯基 Gore Verbinski 主演: 约翰尼·德普 Johnny Depp / ... 2003 / 美国 / 动作 冒险 奇幻,2003,美国 / 动作 冒险 奇幻,8.8,960252,,加勒比海盗,Pirates of the Caribbean: The Curse of the Black Pearl
海豚湾 / /The Cove,海湾,导演: 路易·西霍尤斯 Louie Psihoyos 主演: 路易·西霍尤斯 Louie Psihoyo... 2009 / 美国 / 纪录片,2009,美国 / 纪录片,9.3,380525,海豚的微笑，是世界上最高明的伪装。,海豚湾,The Cove
美国往事 / /Once Upon a Time in America,义薄云天(港),导演: 赛尔乔·莱翁内 Sergio Leone 主演: 罗伯特·德尼罗 Robert De Niro ... 1984 / 美国 意大利 / 犯罪 剧情,1984,美国 意大利 / 犯罪 剧情,9.1,467256,,美国往事,Once Upon a Time in America
红辣椒 / /パプリカ,台),导演: 今敏 Satoshi Kon 主演: 林原惠美 Megumi Hayashibara / 江守彻 Toru... 2006 / 日本 / 动画 悬疑 科幻 惊悚,2006,日本 / 动画 悬疑 科幻 惊悚,9.0,562297,梦的勾结。,红辣椒,パプリカ
七宗罪 / /Se7en,7宗罪,导演: 大卫·芬奇 David Fincher 主演: 摩根·弗里曼 Morgan Freeman / 布... 1995 / 美国 / 剧情 犯罪 悬疑 惊悚,1995,美国 / 剧情 犯罪 悬疑 惊悚,8.8,1052530,,七宗罪,Se7en
唐伯虎点秋香 / /唐伯虎點秋香,,导演: 李力持 Lik-Chi Lee 主演: 周星驰 Stephen Chow / 巩俐 Li Gong / 陈... 1993 / 中国香港 / 喜剧 爱情 古装,1993,中国香港 / 喜剧 爱情 古装,8.8,1214083,,唐伯虎点秋香,唐伯虎點秋香
狩猎 / /Jagten,谎言的烙印(台),导演: 托马斯·温特伯格 Thomas Vinterberg 主演: 麦斯·米科尔森 Mads Mik... 2012 / 丹麦 瑞典 / 剧情,2012,丹麦 瑞典 / 剧情,9.1,464430,人言可畏。,狩猎,Jagten
幽灵公主 / /もののけ姫,幽灵少女,导演: 宫崎骏 Hayao Miyazaki 主演: 松田洋治 Yôji Matsuda / 石田百合... 1997 / 日本 / 动画 奇幻 冒险,1997,日本 / 动画 奇幻 冒险,8.9,663152,,幽灵公主,もののけ姫
甜蜜蜜,,导演: 陈可辛 Peter Chan 主演: 黎明 Leon Lai / 张曼玉 Maggie Cheung / ... 1996 / 中国香港 / 剧情 爱情,1996,中国香港 / 剧情 爱情,8.9,665231,,甜蜜蜜,
寄生虫 / /기생충,上流寄生族(港),导演: 奉俊昊 Joon-ho Bong 主演: 宋康昊 Kang-ho Song / 李善均 Seon-gyun... 2019 / 韩国 / 剧情,2019,韩国 / 剧情,8.8,1535529,,寄生虫,기생충
蝙蝠侠：黑暗骑士崛起 / /The Dark Knight Rises,黑暗骑士：黎明升起(台),导演: 克里斯托弗·诺兰 Christopher Nolan 主演: 克里斯蒂安·贝尔 Christ... 2012 / 美国 英国 / 剧情 动作 科幻 犯罪 惊悚,2012,美国 英国 / 剧情 动作 科幻 犯罪 惊悚,8.9,807508,诺兰就是保证。,蝙蝠侠：黑暗骑士崛起,The Dark Knight Rises
天书奇谭,The Legend of Sealed Book,导演: 王树忱 Shuchen Wang / 钱运达 Yunda Qian 主演: 丁建华 Jianhua Din... 1983(中国大陆) / 2021 / 中国大陆 / 动画 奇幻,1983,2021 / 中国大陆 / 动画 奇幻,9.2,330324,,天书奇谭,
7号房的礼物 / /7번방의 선물,7号囚房的礼物,导演: 李焕庆 Hwan-kyeong Lee 主演: 柳承龙 Seung-yong Ryoo / 朴信惠 Shi... 2013 / 韩国 / 剧情 喜剧 家庭,2013,韩国 / 剧情 喜剧 家庭,8.9,617553,《我是山姆》的《美丽人生》。,7号房的礼物,7번방의 선물
超能陆战队 / /Big Hero 6,大英雄天团(台),导演: 唐·霍尔 Don Hall / 克里斯·威廉姆斯 Chris Williams 主演: 斯科特... 2014 / 美国 / 喜剧 动作 科幻 动画 冒险,2014,美国 / 喜剧 动作 科幻 动画 冒险,8.8,1135798,Balalala~~~,超能陆战队,Big Hero 6
第六感 / /The Sixth Sense,灵异第六感(台),导演: M·奈特·沙马兰 M. Night Shyamalan 主演: 布鲁斯·威利斯 Bruce Wi... 1999 / 美国 / 剧情 悬疑 惊悚,1999,美国 / 剧情 悬疑 惊悚,8.9,631243,,第六感,The Sixth Sense
爱在黎明破晓前 / /Before Sunrise,爱在黎明破晓时(台),导演: 理查德·林克莱特 Richard Linklater 主演: 伊桑·霍克 Ethan Hawke ... 1995 / 美国 奥地利 瑞士 / 剧情 爱情,1995,美国 奥地利 瑞士 / 剧情 爱情,8.8,791918,,爱在黎明破晓前,Before Sunrise
爱在日落黄昏时 / /Before Sunset,爱在日落巴黎时(台),导演: 理查德·林克莱特 Richard Linklater 主演: 伊桑·霍克 Ethan Hawke ... 2004 / 美国 法国 / 剧情 爱情,2004,美国 法国 / 剧情 爱情,8.9,647022,九年后的重逢是世俗和责任的交叠，没了悸动和青涩，沧桑而温暖。,爱在日落黄昏时,Before Sunset
茶馆,,导演: 谢添 Tian Xie 主演: 于是之 Shizhi Yu / 郑榕 Rong Zhen / 蓝天野 T... 1982(中国大陆) / 中国大陆 / 剧情 历史,1982,中国大陆 / 剧情 历史,9.6,204374,,茶馆,
被嫌弃的松子的一生 / /嫌われ松子の一生,令人讨厌的松子的一生(台),导演: 中岛哲也 Tetsuya Nakashima 主演: 中谷美纪 Miki Nakatani / 瑛太 E... 2006 / 日本 / 剧情 歌舞,2006,日本 / 剧情 歌舞,8.8,770404,以戏谑来戏谑戏谑。,被嫌弃的松子的一生,嫌われ松子の一生
重庆森林 / /重慶森林,,导演: 王家卫 Kar Wai Wong 主演: 林青霞 Brigitte Lin / 金城武 Takeshi K... 1994 / 中国香港 / 剧情 爱情,1994,中国香港 / 剧情 爱情,8.8,916106,,重庆森林,重慶森林
哈利·波特与火焰杯 / /Harry Potter and the Goblet of Fire,台),导演: 迈克·内威尔 Mike Newell 主演: 丹尼尔·雷德克里夫 Daniel Radclif... 2005 / 英国 美国 / 悬疑 奇幻 冒险,2005,英国 美国 / 悬疑 奇幻 冒险,8.8,793047,,哈利·波特与火焰杯,Harry Potter and the Goblet of Fire
未麻的部屋 / /Perfect Blue,台),导演: 今敏 Satoshi Kon 主演: 岩男润子 Junko Iwao / 松本梨香 Rica Matsu... 1997 / 日本 / 剧情 犯罪 动画 悬疑 惊悚,1997,日本 / 剧情 犯罪 动画 悬疑 惊悚,9.1,419917,,未麻的部屋,Perfect Blue
头脑特工队 / /Inside Out,脑筋急转弯(台),导演: 彼特·道格特 Pete Docter / 罗纳尔多·德尔·卡门 Ronaldo Del Carmen &nb... 2015 / 美国 / 喜剧 动画 冒险,2015,美国 / 喜剧 动画 冒险,8.8,796143,愿我们都不用长大，每一座城堡都能永远存在。,头脑特工队,Inside Out
借东西的小人阿莉埃蒂 / /借りぐらしのアリエッティ,借东西的小矮人亚莉亚蒂(港),导演: 米林宏昌 Hiromasa Yonebayashi 主演: 志田未来 Mirai Shida / 神木... 2010 / 日本 / 动画 奇幻 冒险,2010,日本 / 动画 奇幻 冒险,8.9,623114,曾经的那段美好会沉淀为一辈子的记忆。,借东西的小人阿莉埃蒂,借りぐらしのアリエッティ
入殓师 / /おくりびと,礼仪师(台),导演: 泷田洋二郎 Yôjirô Takita 主演: 本木雅弘 Masahiro Motoki / ... 2008 / 日本 / 剧情,2008,日本 / 剧情,8.9,739297,死可能是一道门，逝去并不是终结，而是超越，走向下一程。,入殓师,おくりびと
菊次郎的夏天 / /菊次郎の夏,Kikujirô no natsu,导演: 北野武 Takeshi Kitano 主演: 北野武 Takeshi Kitano / 关口雄介 Yus... 1999 / 日本 / 剧情 喜剧,1999,日本 / 剧情 喜剧,8.9,669216,,菊次郎的夏天,菊次郎の夏
断背山 / /Brokeback Mountain,BBM,导演: 李安 Ang Lee 主演: 希斯·莱杰 Heath Ledger / 杰克·吉伦哈尔 Jake... 2005 / 美国 加拿大 / 剧情 爱情 同性 家庭,2005,美国 加拿大 / 剧情 爱情 同性 家庭,8.8,776920,每个人心中都有一座断背山。,断背山,Brokeback Mountain
剪刀手爱德华 / /Edward Scissorhands,剪刀手爱德华,导演: 蒂姆·波顿 Tim Burton 主演: 约翰尼·德普 Johnny Depp / 薇诺娜·... 1990 / 美国 / 剧情 爱情 奇幻,1990,美国 / 剧情 爱情 奇幻,8.7,1115130,,剪刀手爱德华,Edward Scissorhands
勇敢的心 / /Braveheart,梅尔吉勃逊之英雄本色(台),导演: 梅尔·吉布森 Mel Gibson 主演: 梅尔·吉布森 Mel Gibson / 苏菲·玛... 1995 / 美国 / 动作 传记 剧情 历史 战争,1995,美国 / 动作 传记 剧情 历史 战争,8.9,602639,,勇敢的心,Braveheart
时空恋旅人 / /About Time,真爱每一天(台),导演: 理查德·柯蒂斯 Richard Curtis 主演: 多姆纳尔·格里森 Domhnall Gl... 2013 / 英国 美国 / 喜剧 爱情 奇幻,2013,英国 美国 / 喜剧 爱情 奇幻,8.8,784436,把每天当作最后一天般珍惜度过，积极拥抱生活，就是幸福。,时空恋旅人,About Time
消失的爱人 / /Gone Girl,失踪女孩,导演: 大卫·芬奇 David Fincher 主演: 本·阿弗莱克 Ben Affleck / 罗莎蒙... 2014 / 美国 / 剧情 犯罪 悬疑 惊悚,2014,美国 / 剧情 犯罪 悬疑 惊悚,8.7,1065447,年度最佳date movie。,消失的爱人,Gone Girl
倩女幽魂,倩女幽魂：妖魔道,导演: 程小东 Siu-Tung Ching 主演: 张国荣 Leslie Cheung / 王祖贤 Joey W... 1987 / 中国香港 / 爱情 奇幻 武侠 古装,1987,中国香港 / 爱情 奇幻 武侠 古装,8.8,830771,,倩女幽魂,
无人知晓 / /誰も知らない,无人知晓的夏日清晨(台),导演: 是枝裕和 Hirokazu Koreeda 主演: 柳乐优弥 Yûya Yagira / 北浦爱... 2004 / 日本 / 剧情,2004,日本 / 剧情,9.1,369335,我的平常生活就是他人的幸福。,无人知晓,誰も知らない
驯龙高手 / /How to Train Your Dragon,,导演: 迪恩·德布洛斯 Dean DeBlois / 克里斯·桑德斯 Chris Sanders 主演:... 2010 / 美国 / 动画 奇幻 冒险,2010,美国 / 动画 奇幻 冒险,8.8,857605,和谐的生活离不开摸头与被摸头。,驯龙高手,How to Train Your Dragon
花样年华 / /花樣年華,花样年华4K修复版,导演: 王家卫 Kar Wai Wong 主演: 张曼玉 Maggie Cheung / 梁朝伟 Tony Leu... 2000 / 中国香港 / 剧情 爱情,2000,中国香港 / 剧情 爱情,8.8,796964,,花样年华,花樣年華
傲慢与偏见 / /Pride & Prejudice,Pride And Prejudice,导演: 乔·怀特 Joe Wright 主演: 凯拉·奈特莉 Keira Knightley / 马修·... 2005 / 法国 英国 美国 / 剧情 爱情,2005,法国 英国 美国 / 剧情 爱情,8.7,922809,爱是摈弃傲慢与偏见之后的曙光。,傲慢与偏见,Pride & Prejudice
新世界 / /신세계,New World,导演: 朴勋政 Hoon-jung Park 主演: 李政宰 Jung-Jae Lee / 崔岷植 Min-sik... 2013 / 韩国 / 剧情 犯罪,2013,韩国 / 剧情 犯罪,8.9,521905,要做就做得狠一点，这样才能活下去。,新世界,신세계
完美的世界 / /A Perfect World,,导演: 克林特·伊斯特伍德 Clint Eastwood 主演: 凯文·科斯特纳 Kevin Cos... 1993 / 美国 / 剧情 犯罪,1993,美国 / 剧情 犯罪,9.1,357818,,完美的世界,A Perfect World
玩具总动员3 / /Toy Story 3,玩具的故事3,导演: 李·昂克里奇 Lee Unkrich 主演: 汤姆·汉克斯 Tom Hanks / 蒂姆·艾... 2010 / 美国 / 喜剧 动画 奇幻 冒险,2010,美国 / 喜剧 动画 奇幻 冒险,8.9,587690,跨度十五年的欢乐与泪水。,玩具总动员3,Toy Story 3
一个叫欧维的男人决定去死 / /En man som heter Ove,想死冇咁易(港),导演: 汉内斯·赫尔姆 Hannes Holm 主演: 罗夫·拉斯加德 Rolf Lassgård... 2015 / 瑞典 / 剧情,2015,瑞典 / 剧情,8.9,563395,惠及一生的美丽。,一个叫欧维的男人决定去死,En man som heter Ove
阳光灿烂的日子,,导演: 姜文 Wen Jiang 主演: 夏雨 Yu Xia / 宁静 Jing Ning / 陶虹 Hong Tao 1994 / 中国大陆 中国香港 / 剧情 爱情,1994,中国大陆 中国香港 / 剧情 爱情,8.8,691121,,阳光灿烂的日子,
小森林 夏秋篇 / /リトル・フォレスト 夏・秋,夏秋篇(台),导演: 森淳一 Junichi Mori 主演: 桥本爱 Ai Hashimoto / 三浦贵大 Takahir... 2014 / 日本 / 剧情,2014,日本 / 剧情,9.0,470597,那些静得只能听见呼吸的日子里，你明白孤独即生活。,小森林 夏秋篇,リトル・フォレスト 夏・秋
天使爱美丽 / /Le Fabuleux destin d'Amélie Poulain,天使艾米莉,导演: 让-皮埃尔·热内 Jean-Pierre Jeunet 主演: 奥黛丽·塔图 Audrey Tau... 2001 / 法国 德国 / 剧情 喜剧 爱情,2001,法国 德国 / 剧情 喜剧 爱情,8.7,1016828,,天使爱美丽,Le Fabuleux destin d'Amélie Poulain
色，戒,色·戒,导演: 李安 Ang Lee 主演: 梁朝伟 Tony Leung Chiu Wai / 汤唯 Wei Tang / ... 2007 / 中国台湾 中国大陆 美国 中国香港 / 剧情 爱情 情色,2007,中国台湾 中国大陆 美国 中国香港 / 剧情 爱情 情色,8.7,952409,假戏真情，爱欲深海,色，戒,
"怪兽电力公司 / /Monsters, Inc.",怪物公司,导演: 彼特·道格特 Pete Docter / 大卫·斯沃曼 David Silverman 主演: 约... 2001 / 美国 / 儿童 喜剧 动画 奇幻 冒险,2001,美国 / 儿童 喜剧 动画 奇幻 冒险,8.8,764490,,怪兽电力公司,"Monsters, Inc."
教父3 / /The Godfather: Part III,教父 III,导演: 弗朗西斯·福特·科波拉 Francis Ford Coppola 主演: 阿尔·帕西诺 A... 1990 / 美国 / 剧情 犯罪,1990,美国 / 剧情 犯罪,9.0,428524,,教父3,The Godfather: Part III
侧耳倾听 / /耳をすませば,梦幻街少女(港),导演: 近藤喜文 Yoshifumi Kondo 主演: 本名阳子 Youko Honna / 小林桂树 K... 1995 / 日本 / 剧情 爱情 动画,1995,日本 / 剧情 爱情 动画,8.9,517331,,侧耳倾听,耳をすませば
哪吒闹海,Nezha Conquers the Dragon King,导演: 王树忱 Shuchen Wang / 严定宪 Dingxian Yan 主演: 梁正晖 Zhenghui ... 1979 / 中国大陆 / 冒险 动画 奇幻,1979,中国大陆 / 冒险 动画 奇幻,9.2,305911,,哪吒闹海,
请以你的名字呼唤我 / /Call Me by Your Name,台),导演: 卢卡·瓜达尼诺 Luca Guadagnino 主演: 艾米·汉莫 Armie Hammer / ... 2017 / 意大利 法国 巴西 美国 / 剧情 爱情 同性,2017,意大利 法国 巴西 美国 / 剧情 爱情 同性,8.8,817562,沉醉在电影的情感和视听氛围中无法自拔。,请以你的名字呼唤我,Call Me by Your Name
幸福终点站 / /The Terminal,航站情缘(台),导演: 史蒂文·斯皮尔伯格 Steven Spielberg 主演: 汤姆·汉克斯 Tom Hanks... 2004 / 美国 / 喜剧 剧情 爱情,2004,美国 / 喜剧 剧情 爱情,8.8,637295,有时候幸福需要等一等。,幸福终点站,The Terminal
九品芝麻官,Hail the Judge,导演: 王晶 Jing Wong 主演: 周星驰 Stephen Chow / 吴孟达 Man Tat Ng / ... 1994 / 中国香港 / 剧情 喜剧 古装,1994,中国香港 / 剧情 喜剧 古装,8.8,787113,,九品芝麻官,
被解救的姜戈 / /Django Unchained,决杀令(台),导演: 昆汀·塔伦蒂诺 Quentin Tarantino 主演: 杰米·福克斯 Jamie Foxx /... 2012 / 美国 / 剧情 动作 西部 冒险,2012,美国 / 剧情 动作 西部 冒险,8.8,686228,热血沸腾，那个低俗、性感的无耻混蛋又来了。,被解救的姜戈,Django Unchained
釜山行 / /부산행,尸速列车(台),导演: 延尚昊 Sang-ho Yeon 主演: 孔刘 Yoo Gong / 郑有美 Yu-mi Jung / 马... 2016 / 韩国 / 动作 惊悚 灾难,2016,韩国 / 动作 惊悚 灾难,8.6,1341089,揭露人性的丧尸题材力作。,釜山行,부산행
神偷奶爸 / /Despicable Me,坏蛋奖门人(港),导演: 皮艾尔·柯芬 Pierre Coffin / 克里斯·雷纳德 Chris Renaud 主演: ... 2010 / 美国 法国 / 喜剧 动画 冒险,2010,美国 法国 / 喜剧 动画 冒险,8.7,1040651,Mr. I Don't Care其实也有Care的时候。,神偷奶爸,Despicable Me
小森林 冬春篇 / /リトル・フォレスト 冬・春,冬春篇(台),导演: 森淳一 Junichi Mori 主演: 桥本爱 Ai Hashimoto / 三浦贵大 Takahir... 2015 / 日本 / 剧情,2015,日本 / 剧情,9.0,418030,尊敬他人，尊敬你生活的这片土地，明白孤独是人生的常态。,小森林 冬春篇,リトル・フォレスト 冬・春
喜宴 / /囍宴,,导演: 李安 Ang Lee 主演: 赵文瑄 Winston Chao / 归亚蕾 Ya-lei Kuei / 郎... 1993 / 中国台湾 美国 / 剧情 喜剧 爱情 同性 家庭,1993,中国台湾 美国 / 剧情 喜剧 爱情 同性 家庭,9.0,427128,,喜宴,囍宴
萤火之森 / /蛍火の杜へ,Hotarubi no mori e,导演: 大森贵弘 Takahiro Omori 主演: 佐仓绫音 Ayane Sakura / 内山昂辉 K... 2011 / 日本 / 剧情 爱情 动画 奇幻,2011,日本 / 剧情 爱情 动画 奇幻,8.8,606060,触不到的恋人。,萤火之森,蛍火の杜へ
告白,母亲,导演: 中岛哲也 Tetsuya Nakashima 主演: 松隆子 Takako Matsu / 冈田将生 ... 2010 / 日本 / 剧情 悬疑,2010,日本 / 剧情 悬疑,8.8,739061,没有一人完全善，也没有一人完全恶。,告白,
玛丽和麦克斯 / /Mary and Max,巧克力情缘(台),导演: 亚当·艾略特 Adam Elliot 主演: 托妮·科莱特 Toni Collette / 菲利... 2009 / 澳大利亚 美国 / 剧情 喜剧 动画,2009,澳大利亚 美国 / 剧情 喜剧 动画,9.0,467155,你是我最好的朋友，你是我唯一的朋友 。,玛丽和麦克斯,Mary and Max
七武士 / /七人の侍,七剑客(港),导演: 黑泽明 Akira Kurosawa 主演: 三船敏郎 Toshirô Mifune / 志村乔 ... 1954 / 日本 / 动作 冒险 剧情,1954,日本 / 动作 冒险 剧情,9.3,233183,,七武士,七人の侍
头号玩家 / /Ready Player One,挑战者1号(港),导演: 史蒂文·斯皮尔伯格 Steven Spielberg 主演: 泰伊·谢里丹 Tye Sheri... 2018 / 美国 / 动作 科幻 冒险,2018,美国 / 动作 科幻 冒险,8.6,1506946,写给影迷，动漫迷和游戏迷的一封情书。,头号玩家,Ready Player One
模仿游戏 / /The Imitation Game,模拟游戏,导演: 莫滕·泰杜姆 Morten Tyldum 主演: 本尼迪克特·康伯巴奇 Benedict C... 2014 / 英国 美国 / 剧情 传记 战争 同性,2014,英国 美国 / 剧情 传记 战争 同性,8.8,716222,他给机器起名“克里斯托弗”，因为这是他初恋的名字。,模仿游戏,The Imitation Game
大鱼 / /Big Fish,大智若鱼(台),导演: 蒂姆·波顿 Tim Burton 主演: 伊万·麦克格雷格 Ewan McGregor / 阿... 2003 / 美国 / 剧情 爱情 奇幻 冒险,2003,美国 / 剧情 爱情 奇幻 冒险,8.8,623417,,大鱼,Big Fish
惊魂记 / /Psycho,触目惊心(港),导演: 阿尔弗雷德·希区柯克 Alfred Hitchcock 主演: 安东尼·博金斯 Antho... 1960 / 美国 / 悬疑 惊悚 恐怖,1960,美国 / 悬疑 惊悚 恐怖,9.0,352459,,惊魂记,Psycho
射雕英雄传之东成西就 / /射鵰英雄傳之東成西就,大英雄 (日本),导演: 刘镇伟 Jeffrey Lau 主演: 梁朝伟 Tony Leung Chiu Wai / 林青霞 Bri... 1993 / 中国香港 / 喜剧 奇幻 武侠 古装,1993,中国香港 / 喜剧 奇幻 武侠 古装,8.7,713815,,射雕英雄传之东成西就,射鵰英雄傳之東成西就
血战钢锯岭 / /Hacksaw Ridge,钢铁英雄(台),导演: 梅尔·吉布森 Mel Gibson 主演: 安德鲁·加菲尔德 Andrew Garfield /... 2016 / 澳大利亚 美国 / 剧情 传记 历史 战争,2016,澳大利亚 美国 / 剧情 传记 历史 战争,8.7,855238,优秀的战争片不会美化战场，不会粉饰死亡，不会矮化敌人，不会无视常识，最重要的，不会宣扬战争。,血战钢锯岭,Hacksaw Ridge
你的名字。 / /君の名は。,君之名,导演: 新海诚 Makoto Shinkai 主演: 神木隆之介 Ryûnosuke Kamiki / 上... 2016 / 日本 / 剧情 爱情 动画,2016,日本 / 剧情 爱情 动画,8.5,1582809,穿越错位的时空，仰望陨落的星辰，你没留下你的名字，我却无法忘记那句“我爱你”。,你的名字。,君の名は。
心灵奇旅 / /Soul,灵魂急转弯(台),导演: 彼特·道格特 Pete Docter / 凯普·鲍尔斯 Kemp Powers 主演: 杰米·... 2020 / 美国 / 动画 奇幻 音乐,2020,美国 / 动画 奇幻 音乐,8.7,1133210,,心灵奇旅,Soul
背靠背，脸对脸,"Back to Back, Face to Face",导演: 黄建新 Jianxin Huang / 杨亚洲 Yazhou Yang 主演: 牛振华 Zhenhua N... 1994 / 中国大陆 中国香港 / 剧情,1994,中国大陆 中国香港 / 剧情,9.5,177204,,背靠背，脸对脸,
我是山姆 / /I Am Sam,他不笨，他是我爸爸(台),导演: 杰茜·尼尔森 Jessie Nelson 主演: Sean Penn / Dakota Fanning / Mi... 2001 / 美国 / 剧情 家庭,2001,美国 / 剧情 家庭,9.0,373924,,我是山姆,I Am Sam
阳光姐妹淘 / /써니,桑尼,导演: 姜炯哲 Hyeong-Cheol Kang 主演: 沈恩京 Eun-kyung Shim / 闵孝琳 Hy... 2011 / 韩国 / 剧情 喜剧,2011,韩国 / 剧情 喜剧,8.8,635300,再多各自牛逼的时光，也比不上一起傻逼的岁月。,阳光姐妹淘,써니
恐怖直播 / /더 테러 라이브,恐怖攻击直播(台),导演: 金秉祐 Byeong-woo Kim 主演: 河正宇 Jung-woo Ha / 李璟荣 Kyeong-y... 2013 / 韩国 / 剧情 犯罪 悬疑,2013,韩国 / 剧情 犯罪 悬疑,8.7,724046,恐怖分子的“秋菊打官司”。,恐怖直播,더 테러 라이브
黑客帝国3：矩阵革命 / /The Matrix Revolutions,骇客任务完结篇：最后战役(台),导演: 拉娜·沃卓斯基 Lana Wachowski / 莉莉·沃卓斯基 Lilly Wachowski ... 2003 / 美国 / 动作 科幻,2003,美国 / 动作 科幻,8.8,494372,,黑客帝国3：矩阵革命,The Matrix Revolutions
小丑 / /Joker,Romeo,导演: 托德·菲利普斯 Todd Phillips 主演: 杰昆·菲尼克斯 Joaquin Phoeni... 2019 / 美国 加拿大 / 剧情 犯罪 惊悚,2019,美国 加拿大 / 剧情 犯罪 惊悚,8.7,1120031,,小丑,Joker
"三块广告牌 / /Three Billboards Outside Ebbing, Missouri",意外(台),导演: 马丁·麦克唐纳 Martin McDonagh 主演: 弗兰西斯·麦克多蒙德 France... 2017 / 英国 美国 / 剧情 犯罪,2017,英国 美国 / 剧情 犯罪,8.7,914539,怼天怼地，你走后，她与世界为敌。,三块广告牌,"Three Billboards Outside Ebbing, Missouri"
电锯惊魂 / /Saw,夺魂锯(台),导演: 詹姆斯·温 James Wan 主演: 雷·沃纳尔 Leigh Whannell / 加利·艾... 2004 / 美国 / 悬疑 惊悚 恐怖,2004,美国 / 悬疑 惊悚 恐怖,8.7,608263,真相就在眼前。,电锯惊魂,Saw
谍影重重3 / /The Bourne Ultimatum,神鬼认证：最后通牒 (台),导演: 保罗·格林格拉斯 Paul Greengrass 主演: 马特·达蒙 Matt Damon / ... 2007 / 美国 德国 法国 英国 / 动作 悬疑 惊悚,2007,美国 德国 法国 英国 / 动作 悬疑 惊悚,8.9,467530,像吃了苏打饼一样干脆的电影。,谍影重重3,The Bourne Ultimatum
达拉斯买家俱乐部 / /Dallas Buyers Club,药命俱乐部(台),导演: 让-马克·瓦雷 Jean-Marc Vallée 主演: 马修·麦康纳 Matthew McCon... 2013 / 美国 / 剧情 传记 同性,2013,美国 / 剧情 传记 同性,8.8,503054,Jared Leto的腿比女人还美！,达拉斯买家俱乐部,Dallas Buyers Club
无间道2 / /無間道II,Infernal Affairs II,导演: 刘伟强 Andrew Lau / 麦兆辉 Alan Mak 主演: 陈冠希 Edison Chen / ... 2003 / 中国香港 / 剧情 犯罪 惊悚,2003,中国香港 / 剧情 犯罪 惊悚,8.8,562425,,无间道2,無間道II
机器人之梦 / /Robot Dreams,汪汪梦里人(港),导演: 巴勃罗·贝格尔 Pablo Berger 主演: 伊万·拉班达 Ivan Labanda 2023 / 西班牙 法国 / 剧情 动画 音乐,2023,西班牙 法国 / 剧情 动画 音乐,9.1,419029,,机器人之梦,Robot Dreams
末路狂花 / /Thelma & Louise,,导演: 雷德利·斯科特 Ridley Scott 主演: 吉娜·戴维斯 Geena Davis / 苏... 1991 / 美国 英国 法国 / 犯罪 剧情 惊悚,1991,美国 英国 法国 / 犯罪 剧情 惊悚,9.0,340851,,末路狂花,Thelma & Louise
疯狂原始人 / /The Croods,台),导演: 科克·德·米科 Kirk De Micco / 克里斯·桑德斯 Chris Sanders 主演... 2013 / 美国 / 喜剧 动画 冒险,2013,美国 / 喜剧 动画 冒险,8.7,916373,老少皆宜，这就是好莱坞动画的魅力。,疯狂原始人,The Croods
高山下的花环,Wreaths at the Foot of the Mountain,导演: 谢晋 Jin Xie 主演: 吕晓禾 Xiaohe Lü / 唐国强 Guoqiang Tang / 何... 1984(中国大陆) / 1985 / 中国大陆 / 剧情 战争,1984,1985 / 中国大陆 / 剧情 战争,9.5,155374,,高山下的花环,
绿里奇迹 / /The Green Mile,绿色英里,导演: 弗兰克·德拉邦特 Frank Darabont 主演: 汤姆·汉克斯 Tom Hanks / ... 1999 / 美国 / 犯罪 剧情 奇幻 悬疑,1999,美国 / 犯罪 剧情 奇幻 悬疑,8.9,385399,,绿里奇迹,The Green Mile
爱在午夜降临前 / /Before Midnight,爱在午夜希腊时(台),导演: 理查德·林克莱特 Richard Linklater 主演: 伊桑·霍克 Ethan Hawke ... 2013 / 美国 希腊 / 剧情 爱情,2013,美国 希腊 / 剧情 爱情,8.9,469177,所谓爱情，就是话唠一路，都不会心生腻烦，彼此嫌弃。,爱在午夜降临前,Before Midnight
海街日记 / /海街diary,Kamakura Diary,导演: 是枝裕和 Hirokazu Koreeda 主演: 绫濑遥 Haruka Ayase / 长泽雅美 M... 2015 / 日本 / 剧情 家庭,2015,日本 / 剧情 家庭,8.8,517118,是枝裕和的家庭习作。,海街日记,海街diary
疯狂的石头,,导演: 宁浩 Hao Ning 主演: 郭涛 Tao Guo / 刘桦 Hua Liu / 连晋 Teddy Lin 2006 / 中国大陆 中国香港 / 喜剧 犯罪,2006,中国大陆 中国香港 / 喜剧 犯罪,8.6,920093,中国版《两杆大烟枪》。,疯狂的石头,
雨中曲 / /Singin' in the Rain,台),导演: 斯坦利·多南 Stanley Donen / 吉恩·凯利 Gene Kelly 主演: 吉恩·... 1952 / 美国 / 喜剧 歌舞 爱情,1952,美国 / 喜剧 歌舞 爱情,9.1,265952,,雨中曲,Singin' in the Rain
2001太空漫游 / /2001: A Space Odyssey,2001：太空奥德赛,导演: 斯坦利·库布里克 Stanley Kubrick 主演: 凯尔·杜拉 Keir Dullea / ... 1968 / 英国 美国 / 科幻 惊悚 冒险,1968,英国 美国 / 科幻 惊悚 冒险,8.9,391552,,2001太空漫游,2001: A Space Odyssey
风之谷 / /風の谷のナウシカ,Kaze no tani no Naushika,导演: 宫崎骏 Hayao Miyazaki 主演: 岛本须美 Sumi Shimamoto / 松田洋治 Y... 1984 / 日本 / 动画 奇幻 冒险,1984,日本 / 动画 奇幻 冒险,8.9,391739,,风之谷,風の谷のナウシカ
上帝之城 / /Cidade de Deus,无法无天(台),导演: 费尔南多·梅里尔斯 Fernando Meirelles / 卡迪亚·兰德 Kátia Lund &nbsp... 2002 / 巴西 法国 / 犯罪 剧情,2002,巴西 法国 / 犯罪 剧情,9.0,331725,,上帝之城,Cidade de Deus
心迷宫,The Coffin in the Mountain,导演: 忻钰坤 Yukun Xin 主演: 霍卫民 Weimin Huo / 王笑天 Xiaotian Wang ... 2014 / 中国大陆 / 剧情 犯罪 悬疑,2014,中国大陆 / 剧情 犯罪 悬疑,8.7,612384,荒诞讽刺，千奇百巧，抽丝剥茧，百转千回。,心迷宫,
英雄本色,Gangland Boss,导演: 吴宇森 John Woo 主演: 周润发 Yun-Fat Chow / 狄龙 Lung Ti / 张国... 1986 / 中国香港 / 剧情 动作 犯罪,1986,中国香港 / 剧情 动作 犯罪,8.6,603013,,英雄本色,
记忆碎片 / /Memento,记忆拼图(台),导演: 克里斯托弗·诺兰 Christopher Nolan 主演: 盖·皮尔斯 Guy Pearce /... 2000 / 美国 / 犯罪 剧情 悬疑 惊悚,2000,美国 / 犯罪 剧情 悬疑 惊悚,8.7,665203,,记忆碎片,Memento
纵横四海 / /縱橫四海,,导演: 吴宇森 John Woo 主演: 周润发 Yun-Fat Chow / 张国荣 Leslie Cheung... 1991 / 中国香港 / 剧情 喜剧 动作 犯罪,1991,中国香港 / 剧情 喜剧 动作 犯罪,8.8,471353,,纵横四海,縱橫四海
无敌破坏王 / /Wreck-It Ralph,破坏王大冒险,导演: 瑞奇·莫尔 Rich Moore 主演: 约翰·C·赖利 John C. Reilly / 萨拉... 2012 / 美国 / 喜剧 动画 奇幻 冒险,2012,美国 / 喜剧 动画 奇幻 冒险,8.7,608535,迪士尼和皮克斯拿错剧本的产物。,无敌破坏王,Wreck-It Ralph
卢旺达饭店 / /Hotel Rwanda,,导演: 特瑞·乔治 Terry George 主演: 唐·钱德尔 Don Cheadle / 苏菲·奥... 2004 / 英国 南非 意大利 美国 / 剧情 传记 历史 战争,2004,英国 南非 意大利 美国 / 剧情 传记 历史 战争,8.9,365229,当这个世界闭上双眼，他却敞开了怀抱。,卢旺达饭店,Hotel Rwanda
小偷家族 / /万引き家族,Une Affaire de Famille,导演: 是枝裕和 Hirokazu Koreeda 主演: 中川雅也 Lily Franky / 安藤樱 Sa... 2018 / 日本 / 剧情 犯罪 家庭,2018,日本 / 剧情 犯罪 家庭,8.7,891203,我们组成了家。,小偷家族,万引き家族
东京教父 / /東京ゴッドファーザーズ,,导演: 今敏 Satoshi Kon 主演: 江守彻 Toru Emori / 梅垣义明 Yoshiaki Ume... 2003 / 日本 / 剧情 喜剧 动画,2003,日本 / 剧情 喜剧 动画,9.0,287975,,东京教父,東京ゴッドファーザーズ
恐怖游轮 / /Triangle,轮回三角,导演: 克里斯托弗·史密斯 Christopher Smith 主演: 梅利莎·乔治 Melissa ... 2009 / 英国 澳大利亚 / 科幻 悬疑 奇幻 惊悚,2009,英国 澳大利亚 / 科幻 悬疑 奇幻 惊悚,8.5,982699,不要企图在重复中寻找已经失去的爱。,恐怖游轮,Triangle
牯岭街少年杀人事件 / /牯嶺街少年殺人事件,,导演: 杨德昌 Edward Yang 主演: 张震 Chen Chang / 杨静怡 Lisa Yang / 张... 1991 / 中国台湾 / 剧情 犯罪,1991,中国台湾 / 剧情 犯罪,8.9,365333,,牯岭街少年杀人事件,牯嶺街少年殺人事件
冰川时代 / /Ice Age,冰原历险记,导演: 卡洛斯·沙尔丹哈 Carlos Saldanha / 克里斯·韦奇 Chris Wedge 主演... 2002 / 美国 / 喜剧 动画 冒险,2002,美国 / 喜剧 动画 冒险,8.7,682558,,冰川时代,Ice Age
魔女宅急便 / /魔女の宅急便,小魔女限时专送,导演: 宫崎骏 Hayao Miyazaki 主演: 高山南 Minami Takayama / 佐久间玲 Re... 1989 / 日本 / 动画 奇幻 冒险,1989,日本 / 动画 奇幻 冒险,8.7,521353,,魔女宅急便,魔女の宅急便
芙蓉镇,,导演: 谢晋 Jin Xie 主演: 刘晓庆 Xiaoqing Liu / 姜文 Wen Jiang / 郑在石... 1987 / 中国大陆 / 剧情 爱情,1987,中国大陆 / 剧情 爱情,9.3,187507,,芙蓉镇,
忠犬八公物语 / /ハチ公物語,阿八的故事,导演: 神山征二郎 Seijirô Kôyama 主演: 仲代达矢 Tatsuya Nakadai /... 1987 / 日本 / 剧情,1987,日本 / 剧情,9.2,217384,,忠犬八公物语,ハチ公物語
岁月神偷 / /歲月神偷,Echoes Of The Rainbow,导演: 罗启锐 Alex Law 主演: 吴君如 Sandra Ng / 任达华 Simon Yam / 钟绍... 2010 / 中国香港 中国大陆 / 剧情 家庭,2010,中国香港 中国大陆 / 剧情 家庭,8.7,610913,岁月流逝，来日可追。,岁月神偷,歲月神偷
荒蛮故事 / /Relatos salvajes,生命中最抓狂的小事(台),导演: 达米安·斯兹弗隆 Damián Szifron 主演: 达里奥·葛兰帝内提 Darío... 2014 / 阿根廷 西班牙 / 剧情 喜剧 犯罪,2014,阿根廷 西班牙 / 剧情 喜剧 犯罪,8.7,513847,始于荒诞，止于更荒诞。,荒蛮故事,Relatos salvajes
遗愿清单 / /The Bucket List,一路玩到挂(台),导演: 罗伯·莱纳 Rob Reiner 主演: 杰克·尼科尔森 Jack Nicholson / 摩根... 2007 / 美国 / 冒险 喜剧 剧情,2007,美国 / 冒险 喜剧 剧情,8.7,534014,用剩余不多的时间，去燃烧整个生命。,遗愿清单,The Bucket List
大佛普拉斯,,导演: 黄信尧 Hsin-yao Huang 主演: 庄益增 Yizeng Zhuang / 陈竹昇 Chu-sh... 2017 / 中国台湾 / 剧情 喜剧,2017,中国台湾 / 剧情 喜剧,8.7,549410,人们可以登上月球，却永远无法探索人们内心的宇宙。,大佛普拉斯,
源代码 / /Source Code,危机解密(港),导演: 邓肯·琼斯 Duncan Jones 主演: 杰克·吉伦哈尔 Jake Gyllenhaal / ... 2011 / 美国 加拿大 / 科幻 悬疑 惊悚,2011,美国 加拿大 / 科幻 悬疑 惊悚,8.6,920395,邓肯·琼斯继《月球》之后再度奉献出一部精彩绝伦的科幻佳作。,源代码,Source Code
疯狂的麦克斯4：狂暴之路 / /Mad Max: Fury Road,疯狂麦斯：愤怒道(台),导演: 乔治·米勒 George Miller 主演: 汤姆·哈迪 Tom Hardy / 查理兹·塞... 2015 / 澳大利亚 美国 / 动作 科幻 冒险,2015,澳大利亚 美国 / 动作 科幻 冒险,8.7,614755,“多么美好的一天！”轰轰轰砰咚，啪哒哒哒轰隆隆，磅~,疯狂的麦克斯4：狂暴之路,Mad Max: Fury Road
花束般的恋爱 / /花束みたいな恋をした,爱如花束 恋恋不忘,导演: 土井裕泰 Nobuhiro Doi 主演: 菅田将晖 Masaki Suda / 有村架纯 Kasu... 2021 / 日本 / 剧情 爱情,2021,日本 / 剧情 爱情,8.6,816734,,花束般的恋爱,花束みたいな恋をした
你看起来好像很好吃 / /おまえうまそうだな,你看上去好像很好吃,导演: 藤森雅也 Masaya Fujimori 主演: 山口胜平 Kappei Yamaguchi / 爱河... 2010 / 日本 / 剧情 动画 儿童,2010,日本 / 剧情 动画 儿童,8.9,373502,感情不分食草或者食肉。,你看起来好像很好吃,おまえうまそうだな
贫民窟的百万富翁 / /Slumdog Millionaire,贫民百万富翁(台),导演: 丹尼·鲍尔 Danny Boyle / 洛芙琳·坦丹 Loveleen Tandan 主演: 戴夫... 2008 / 英国 / 剧情 爱情,2008,英国 / 剧情 爱情,8.6,804099,上帝之城+猜火车+阿甘正传+开心辞典=山寨富翁,贫民窟的百万富翁,Slumdog Millionaire
可可西里,,导演: 陆川 Chuan Lu 主演: 多布杰 Duobujie / 张磊 Lei Zhang / 亓亮 Qi L... 2004 / 中国大陆 中国香港 / 剧情 犯罪,2004,中国大陆 中国香港 / 剧情 犯罪,8.9,343625,坚硬的信仰。,可可西里,
白日梦想家 / /The Secret Life of Walter Mitty,白日梦冒险王(台),导演: 本·斯蒂勒 Ben Stiller 主演: 本·斯蒂勒 Ben Stiller / 克里斯汀·... 2013 / 美国 英国 / 剧情 喜剧 冒险,2013,美国 英国 / 剧情 喜剧 冒险,8.6,638438,,白日梦想家,The Secret Life of Walter Mitty
城市之光 / /City Lights,Lichter der Großstadt,导演: 查理·卓别林 Charles Chaplin 主演: 查理·卓别林 Charles Chaplin ... 1931 / 美国 / 喜剧 剧情 爱情,1931,"",9.3,171287,,城市之光,City Lights
波西米亚狂想曲 / /Bohemian Rhapsody,波希米亚狂想曲(台),导演: 布莱恩·辛格 Bryan Singer 主演: 拉米·马雷克 Rami Malek / 本·哈... 2018 / 英国 美国 / 剧情 传记 同性 音乐,2018,英国 美国 / 剧情 传记 同性 音乐,8.6,685844,,波西米亚狂想曲,Bohemian Rhapsody
爆裂鼓手 / /Whiplash,进击的鼓手(台),导演: 达米恩·查泽雷 Damien Chazelle 主演: 迈尔斯·特勒 Miles Teller /... 2014 / 美国 / 剧情 音乐,2014,美国 / 剧情 音乐,8.6,686323,这个世界从不善待努力的人，努力了也不一定会成功，但是知道自己在努力，就是活下去的动力。,爆裂鼓手,Whiplash
东邪西毒 / /東邪西毒,,导演: 王家卫 Kar Wai Wong 主演: 张国荣 Leslie Cheung / 林青霞 Brigitte... 1994 / 中国香港 中国台湾 / 剧情 动作 爱情 武侠 古装,1994,中国香港 中国台湾 / 剧情 动作 爱情 武侠 古装,8.6,632696,,东邪西毒,東邪西毒
青蛇,,导演: 徐克 Hark Tsui 主演: 张曼玉 Maggie Cheung / 王祖贤 Joey Wang / ... 1993 / 中国香港 中国大陆 / 剧情 爱情 奇幻 古装,1993,中国香港 中国大陆 / 剧情 爱情 奇幻 古装,8.6,598158,,青蛇,
爱乐之城 / /La La Land,乐来越爱你(台),导演: 达米恩·查泽雷 Damien Chazelle 主演: 瑞恩·高斯林 Ryan Gosling /... 2016 / 美国 / 剧情 爱情 歌舞,2016,美国 / 剧情 爱情 歌舞,8.4,1088627,,爱乐之城,La La Land
哈利·波特与死亡圣器(上) / /Harry Potter and the Deathly Hallows: Part 1,台),导演: 大卫·叶茨 David Yates 主演: 丹尼尔·雷德克里夫 Daniel Radcliffe... 2010 / 英国 美国 / 奇幻 冒险,2010,英国 美国 / 奇幻 冒险,8.6,690134,最忠于原著的一部。,哈利·波特与死亡圣器(上),Harry Potter and the Deathly Hallows: Part 1
无耻混蛋 / /Inglourious Basterds,恶棍特工(台),导演: 昆汀·塔伦蒂诺 Quentin Tarantino 主演: 布拉德·皮特 Brad Pitt / ... 2009 / 德国 美国 / 剧情 犯罪,2009,德国 美国 / 剧情 犯罪,8.7,557113,昆汀同学越来越变态了，比北野武还杜琪峰。,无耻混蛋,Inglourious Basterds
终结者2：审判日 / /Terminator 2: Judgment Day,魔鬼终结者2(台),导演: 詹姆斯·卡梅隆 James Cameron 主演: 阿诺·施瓦辛格 Arnold Schwarz... 1991 / 美国 法国 / 动作 科幻,1991,美国 法国 / 动作 科幻,8.8,382773,,终结者2：审判日,Terminator 2: Judgment Day
黑天鹅 / /Black Swan,霸王别鹅(豆友译名),导演: 达伦·阿罗诺夫斯基 Darren Aronofsky 主演: 娜塔莉·波特曼 Natalie... 2010 / 美国 / 剧情 惊悚,2010,美国 / 剧情 惊悚,8.6,843466,黑暗之美。,黑天鹅,Black Swan
大红灯笼高高挂,Épouses et concubines,导演: 张艺谋 Yimou Zhang 主演: 巩俐 Li Gong / 马精武 Jingwu Ma / 何赛... 1991 / 中国大陆 中国香港 中国台湾 / 剧情,1991,中国大陆 中国香港 中国台湾 / 剧情,8.8,366737,,大红灯笼高高挂,
初恋这件小事 / /สิ่งเล็กเล็กที่เรียกว่า...รัก,暗恋那点小事,导演: 普特鹏·普罗萨卡·那·萨克那卡林 Puttipong Promsaka Na Sakolnakorn / 华森·波克彭... 2010 / 泰国 / 剧情 喜剧 爱情,2010,泰国 / 剧情 喜剧 爱情,8.5,1048124,黑小鸭速效美白记。,初恋这件小事,สิ่งเล็กเล็กที่เรียกว่า...รัก
新龙门客栈 / /新龍門客棧,,导演: 李惠民 Raymond Lee 主演: 张曼玉 Maggie Cheung / 林青霞 Brigitte ... 1992 / 中国香港 中国大陆 / 动作 爱情 武侠 古装,1992,中国香港 中国大陆 / 动作 爱情 武侠 古装,8.7,505694,,新龙门客栈,新龍門客棧
人工智能 / /A.I. Artificial Intelligence,,导演: 史蒂文·斯皮尔伯格 Steven Spielberg 主演: 海利·乔·奥斯蒙 Haley... 2001 / 美国 英国 / 剧情 科幻,2001,美国 英国 / 剧情 科幻,8.7,499216,,人工智能,A.I. Artificial Intelligence
雨人 / /Rain Man,手足情深,导演: 巴瑞·莱文森 Barry Levinson 主演: 达斯汀·霍夫曼 Dustin Hoffman ... 1988 / 美国 / 剧情,1988,美国 / 剧情,8.7,441243,,雨人,Rain Man
千钧一发 / /Gattaca,自然人,导演: 安德鲁·尼科尔 Andrew Niccol 主演: 伊桑·霍克 Ethan Hawke / 乌玛... 1997 / 美国 / 剧情 科幻 惊悚,1997,美国 / 剧情 科幻 惊悚,8.8,347312,,千钧一发,Gattaca
崖上的波妞 / /崖の上のポニョ,悬崖上的金鱼公主,导演: 宫崎骏 Hayao Miyazaki 主演: 奈良柚莉爱 Yuria Nara / 土井洋辉 Hir... 2008 / 日本 / 动画 奇幻 冒险,2008,日本 / 动画 奇幻 冒险,8.6,571626,,崖上的波妞,崖の上のポニョ
虎口脱险 / /La grande vadrouille,大進擊(台),导演: 杰拉尔·乌里 Gérard Oury 主演: 路易·德·菲耐斯 Louis de Funès... 1966 / 法国 英国 / 喜剧 战争,1966,法国 英国 / 喜剧 战争,8.9,293630,,虎口脱险,La grande vadrouille
罗生门 / /羅生門,,导演: 黑泽明 Akira Kurosawa 主演: 三船敏郎 Toshirô Mifune / 京町子 ... 1950 / 日本 / 剧情 犯罪 悬疑,1950,日本 / 剧情 犯罪 悬疑,8.8,356117,,罗生门,羅生門
哈利·波特与凤凰社 / /Harry Potter and the Order of the Phoenix,台),导演: 大卫·叶茨 David Yates 主演: 丹尼尔·雷德克里夫 Daniel Radcliffe... 2007 / 英国 美国 / 奇幻 冒险,2007,英国 美国 / 奇幻 冒险,8.6,689694,,哈利·波特与凤凰社,Harry Potter and the Order of the Phoenix
彗星来的那一夜 / /Coherence,相干效应,导演: 詹姆斯·沃德·布柯特 James Ward Byrkit 主演: 艾米丽·芭尔多尼 Em... 2013 / 美国 英国 / 科幻 悬疑 惊悚,2013,美国 英国 / 科幻 悬疑 惊悚,8.6,678450,小成本大魅力。,彗星来的那一夜,Coherence
恋恋笔记本 / /The Notebook,手札情缘(台),导演: 尼克·卡索维茨 Nick Cassavetes 主演: 瑞恩·高斯林 Ryan Gosling /... 2004 / 美国 / 剧情 爱情,2004,美国 / 剧情 爱情,8.5,744135,爱情没有那么多借口，如果不能圆满，只能说明爱的不够。,恋恋笔记本,The Notebook
海边的曼彻斯特 / /Manchester by the Sea,,导演: 肯尼斯·罗纳根 Kenneth Lonergan 主演: 卡西·阿弗莱克 Casey Affle... 2016 / 美国 / 剧情 家庭,2016,美国 / 剧情 家庭,8.6,647186,我们都有权利不与自己的过去和解。,海边的曼彻斯特,Manchester by the Sea
真爱至上 / /Love Actually,爱是您，爱是我(台),导演: 理查德·柯蒂斯 Richard Curtis 主演: 休·格兰特 Hugh Grant / 连姆... 2003 / 英国 美国 法国 / 喜剧 剧情 爱情,2003,英国 美国 法国 / 喜剧 剧情 爱情,8.5,805046,,真爱至上,Love Actually
火星救援 / /The Martian,绝地救援(台),导演: 雷德利·斯科特 Ridley Scott 主演: 马特·达蒙 Matt Damon / 杰西卡... 2015 / 英国 美国 匈牙利 约旦 / 剧情 科幻 冒险,2015,英国 美国 匈牙利 约旦 / 剧情 科幻 冒险,8.5,826681,,火星救援,The Martian
黑客帝国2：重装上阵 / /The Matrix Reloaded,骇客任务：重装上阵(台),导演: 拉娜·沃卓斯基 Lana Wachowski / 莉莉·沃卓斯基 Lilly Wachowski ... 2003 / 美国 / 动作 科幻,2003,美国 / 动作 科幻,8.7,452758,,黑客帝国2：重装上阵,The Matrix Reloaded
步履不停 / /歩いても 歩いても,台),导演: 是枝裕和 Hirokazu Koreeda 主演: 阿部宽 Hiroshi Abe / 夏川结衣 Yu... 2008 / 日本 / 剧情 家庭,2008,日本 / 剧情 家庭,8.8,324616,日本的家庭电影已经是世界巅峰了，步履不停是巅峰中的佳作。,步履不停,歩いても 歩いても
奇迹男孩 / /Wonder,,导演: 斯蒂芬·卓博斯基 Stephen Chbosky 主演: 雅各布·特伦布莱 Jacob Tr... 2017 / 美国 中国香港 / 剧情 儿童 家庭,2017,美国 中国香港 / 剧情 儿童 家庭,8.6,598153,世界不完美，爱会有奇迹。,奇迹男孩,Wonder
千年女优 / /千年女優,,导演: 今敏 Satoshi Kon 主演: 庄司美代子 Miyoko Shôji / 小山茉美 Mam... 2001 / 日本 / 动画 剧情 爱情,2001,日本 / 动画 剧情 爱情,8.8,315637,,千年女优,千年女優
冰雪奇缘 / /Frozen,冰雪大冒险,导演: 克里斯·巴克 Chris Buck / 珍妮弗·李 Jennifer Lee 主演: 克里斯汀... 2013 / 美国 / 喜剧 动画 奇幻 歌舞,2013,美国 / 喜剧 动画 奇幻 歌舞,8.5,820283,,冰雪奇缘,Frozen
战争之王 / /Lord of War,港),导演: 安德鲁·尼科尔 Andrew Niccol 主演: 尼古拉斯·凯奇 Nicolas Cage /... 2005 / 美国 德国 / 剧情 犯罪,2005,美国 德国 / 剧情 犯罪,8.7,413157,做一颗让别人需要你的棋子。,战争之王,Lord of War
谍影重重2 / /The Bourne Supremacy,神鬼认证：神鬼疑云(台),导演: 保罗·格林格拉斯 Paul Greengrass 主演: 马特·达蒙 Matt Damon / ... 2004 / 美国 德国 / 动作 悬疑 惊悚,2004,美国 德国 / 动作 悬疑 惊悚,8.7,396988,谁说王家卫镜头很晃？,谍影重重2,The Bourne Supremacy
蜘蛛侠：平行宇宙 / /Spider-Man: Into the Spider-Verse,蜘蛛人：新宇宙(台),导演: 鲍勃·佩尔西凯蒂 Bob Persichetti / 彼得·拉姆齐 Peter Ramsey 主... 2018 / 美国 / 动作 科幻 动画 冒险,2018,美国 / 动作 科幻 动画 冒险,8.6,752620,,蜘蛛侠：平行宇宙,Spider-Man: Into the Spider-Verse
攻壳机动队 / /攻殻機動隊,,导演: 押井守 Mamoru Oshii 主演: 田中敦子 Atsuko Tanaka / 大冢明夫 Akio... 1995 / 日本 / 动作 科幻 动画,1995,日本 / 动作 科幻 动画,9.0,215625,,攻壳机动队,攻殻機動隊
血钻 / /Blood Diamond,血腥钻石,导演: 爱德华·兹威克 Edward Zwick 主演: 莱昂纳多·迪卡普里奥 Leonardo ... 2006 / 美国 德国 英国 / 剧情 惊悚 冒险,2006,美国 德国 英国 / 剧情 惊悚 冒险,8.7,419801,每个美丽事物背后都是滴血的现实。,血钻,Blood Diamond
魂断蓝桥 / /Waterloo Bridge,断桥残梦,导演: 茂文·勒鲁瓦 Mervyn LeRoy 主演: 费雯·丽 Vivien Leigh / 罗伯特·... 1940 / 美国 / 剧情 爱情 战争,1940,美国 / 剧情 爱情 战争,8.8,309026,,魂断蓝桥,Waterloo Bridge
隐藏人物 / /Hidden Figures,关键少数(台),导演: 特奥多尔·梅尔菲 Theodore Melfi 主演: 塔拉吉·P·汉森 Taraji P. ... 2016 / 美国 / 剧情 传记 历史,2016,美国 / 剧情 传记 历史,8.9,268928,,隐藏人物,Hidden Figures
小姐 / /아가씨,下女的诱惑(台),导演: 朴赞郁 Chan-wook Park 主演: 金敏喜 Min-hee Kim / 金泰梨 Tae-ri K... 2016 / 韩国 / 剧情 悬疑 情色 同性,2016,韩国 / 剧情 悬疑 情色 同性,8.5,568433,,小姐,아가씨
房间 / /Room,抖室(港),导演: 伦尼·阿伯拉罕森 Lenny Abrahamson 主演: 布丽·拉尔森 Brie Larson... 2015 / 爱尔兰 加拿大 英国 美国 / 剧情 家庭,2015,爱尔兰 加拿大 英国 美国 / 剧情 家庭,8.7,398406,被偷走的岁月，被伤害的生命，被禁锢的灵魂，终将被希望和善意救赎。,房间,Room
血观音 / /血觀音,"The Bold, the Corrupt, and the Beautiful",导演: 杨雅喆 Ya-che Yang 主演: 惠英红 Kara Wai Ying Hung / 吴可熙 Wu K... 2017 / 中国台湾 / 剧情 悬疑,2017,中国台湾 / 剧情 悬疑,8.6,550872,,血观音,血觀音
